id,file,image_type,building_type,style,building_name,group_id,title,source_url,original_url,download_url,creator,credit,license,license_url,width,height,sha256,label_basis,dimensions_m,rooms,prompt,review_status,capture_kind,style_label_confidence,size_label_confidence,split,image_origin,modifications
real_001,images/real/villa-bungalow/modern-box/real_001.jpg,real_photograph,villa-bungalow,modern-box,Farnsworth House,farnsworth-house,Farnsworth House Exterior 2.jpg,https://commons.wikimedia.org/wiki/File:Farnsworth_House_Exterior_2.jpg,https://upload.wikimedia.org/wikipedia/commons/a/a6/Farnsworth_House_Exterior_2.jpg?utm_source=commons.wikimedia.org&utm_campaign=imageinfo&utm_content=original,https://thumb.wikimedia.org/wikipedia/commons/thumb/a/a6/Farnsworth_House_Exterior_2.jpg/1280px-Farnsworth_House_Exterior_2.jpg,Lessismore2020,Own work,CC BY-SA 4.0,https://creativecommons.org/licenses/by-sa/4.0,1280,798,7c245d54bb9805e3041abd576a9a68d2a21789b92ad3a86373f4ebdbc1456bbb,"Curated visual precedent; building type is an approximate reference grouping, not verified floor area.",,,,visually_reviewed,exterior,medium,unverified,reference_only,Web photograph; not AI-generated,"Wikimedia-provided resized preview; no crop, retouching or local recompression."
real_002,images/real/villa-bungalow/modern-box/real_002.jpg,real_photograph,villa-bungalow,modern-box,Farnsworth House,farnsworth-house,Farnsworth House Exterior 3.jpg,https://commons.wikimedia.org/wiki/File:Farnsworth_House_Exterior_3.jpg,https://upload.wikimedia.org/wikipedia/commons/5/53/Farnsworth_House_Exterior_3.jpg?utm_source=commons.wikimedia.org&utm_campaign=imageinfo&utm_content=original,https://thumb.wikimedia.org/wikipedia/commons/thumb/5/53/Farnsworth_House_Exterior_3.jpg/1280px-Farnsworth_House_Exterior_3.jpg,Lessismore2020,Own work,CC BY-SA 4.0,https://creativecommons.org/licenses/by-sa/4.0,1280,1920,53281f06006bdf9516fa73cdc6747882c4ea2f6dd0f049551d6e98106c8cf8eb,"Curated visual precedent; building type is an approximate reference grouping, not verified floor area.",,,,visually_reviewed,exterior,medium,unverified,reference_only,Web photograph; not AI-generated,"Wikimedia-provided resized preview; no crop, retouching or local recompression."
real_003,images/real/villa-bungalow/modern-box/real_003.jpg,real_photograph,villa-bungalow,modern-box,Farnsworth House,farnsworth-house,Farnsworth House by Mies Van Der Rohe - exterior-8.jpg,https://commons.wikimedia.org/wiki/File:Farnsworth_House_by_Mies_Van_Der_Rohe_-_exterior-8.jpg,https://upload.wikimedia.org/wikipedia/commons/0/0b/Farnsworth_House_by_Mies_Van_Der_Rohe_-_exterior-8.jpg?utm_source=commons.wikimedia.org&utm_campaign=imageinfo&utm_content=original,https://thumb.wikimedia.org/wikipedia/commons/thumb/0/0b/Farnsworth_House_by_Mies_Van_Der_Rohe_-_exterior-8.jpg/1280px-Farnsworth_House_by_Mies_Van_Der_Rohe_-_exterior-8.jpg,Victor Grigas,Own work,CC BY-SA 3.0,https://creativecommons.org/licenses/by-sa/3.0,1280,853,5513a9943a650866cdf60f84c14ba149f82fe6d9d16184d6afe5b1daf9063e27,"Curated visual precedent; building type is an approximate reference grouping, not verified floor area.",,,,visually_reviewed,exterior,medium,unverified,reference_only,Web photograph; not AI-generated,"Wikimedia-provided resized preview; no crop, retouching or local recompression."
real_004,images/real/villa-bungalow/modern-box/real_004.jpg,real_photograph,villa-bungalow,modern-box,Stahl House,stahl-house,Stahl House 2.jpg,https://commons.wikimedia.org/wiki/File:Stahl_House_2.jpg,https://upload.wikimedia.org/wikipedia/commons/1/17/Stahl_House_2.jpg?utm_source=commons.wikimedia.org&utm_campaign=imageinfo&utm_content=original,https://thumb.wikimedia.org/wikipedia/commons/thumb/1/17/Stahl_House_2.jpg/1280px-Stahl_House_2.jpg,Codera23,Own work,CC BY-SA 4.0,https://creativecommons.org/licenses/by-sa/4.0,1280,960,148cdfff66e7bc72f38b5361b5c7a7d732ee0dffbf0a3211788484c9d6b87616,"Curated visual precedent; building type is an approximate reference grouping, not verified floor area.",,,,visually_reviewed,exterior,medium,unverified,reference_only,Web photograph; not AI-generated,"Wikimedia-provided resized preview; no crop, retouching or local recompression."
real_005,images/real/large-villa/modern-box/real_005.jpg,real_photograph,large-villa,modern-box,Villa Kogelhof,villa-kogelhof,"Villa Kogelhof, Architectenbureau Paul de Ruiter, foto- Jeroen Musch (14057445848).jpg","https://commons.wikimedia.org/wiki/File:Villa_Kogelhof,_Architectenbureau_Paul_de_Ruiter,_foto-_Jeroen_Musch_(14057445848).jpg",https://upload.wikimedia.org/wikipedia/commons/c/c6/Villa_Kogelhof%2C_Architectenbureau_Paul_de_Ruiter%2C_foto-_Jeroen_Musch_%2814057445848%29.jpg?utm_source=commons.wikimedia.org&utm_campaign=imageinfo&utm_content=original,https://thumb.wikimedia.org/wikipedia/commons/thumb/c/c6/Villa_Kogelhof%2C_Architectenbureau_Paul_de_Ruiter%2C_foto-_Jeroen_Musch_%2814057445848%29.jpg/1280px-Villa_Kogelhof%2C_Architectenbureau_Paul_de_Ruiter%2C_foto-_Jeroen_Musch_%2814057445848%29.jpg,Bond van Nederlandse Architecten,"Villa Kogelhof, Architectenbureau Paul de Ruiter, foto: Jeroen Musch",CC BY 2.0,https://creativecommons.org/licenses/by/2.0,1280,824,0ad623b948cca439c06f832cfecff65eea98e6a2e3e0d4293cd2f40aa827d225,"Curated visual precedent; building type is an approximate reference grouping, not verified floor area.",,,,visually_reviewed,exterior,medium,unverified,reference_only,Web photograph; not AI-generated,"Wikimedia-provided resized preview; no crop, retouching or local recompression."
real_006,images/real/large-villa/modern-box/real_006.jpg,real_photograph,large-villa,modern-box,Villa Kogelhof,villa-kogelhof,"Villa Kogelhof, Architectenbureau Paul de Ruiter, foto- Jeroen Musch (14057455859).jpg","https://commons.wikimedia.org/wiki/File:Villa_Kogelhof,_Architectenbureau_Paul_de_Ruiter,_foto-_Jeroen_Musch_(14057455859).jpg",https://upload.wikimedia.org/wikipedia/commons/6/62/Villa_Kogelhof%2C_Architectenbureau_Paul_de_Ruiter%2C_foto-_Jeroen_Musch_%2814057455859%29.jpg?utm_source=commons.wikimedia.org&utm_campaign=imageinfo&utm_content=original,https://thumb.wikimedia.org/wikipedia/commons/thumb/6/62/Villa_Kogelhof%2C_Architectenbureau_Paul_de_Ruiter%2C_foto-_Jeroen_Musch_%2814057455859%29.jpg/1280px-Villa_Kogelhof%2C_Architectenbureau_Paul_de_Ruiter%2C_foto-_Jeroen_Musch_%2814057455859%29.jpg,Bond van Nederlandse Architecten,"Villa Kogelhof, Architectenbureau Paul de Ruiter, foto: Jeroen Musch",CC BY 2.0,https://creativecommons.org/licenses/by/2.0,1280,824,e6c2a7291842fa6f4bd0b87df4ca4dca8d260f1072b0a02bee06ee0f38051a35,"Curated visual precedent; building type is an approximate reference grouping, not verified floor area.",,,,visually_reviewed,exterior,medium,unverified,reference_only,Web photograph; not AI-generated,"Wikimedia-provided resized preview; no crop, retouching or local recompression."
real_009,images/real/large-villa/courtyard/real_009.jpg,real_photograph,large-villa,courtyard,Villa Mairea,villa-mairea,Villa Mairea Noormarkku.jpg,https://commons.wikimedia.org/wiki/File:Villa_Mairea_Noormarkku.jpg,https://upload.wikimedia.org/wikipedia/commons/f/ff/Villa_Mairea_Noormarkku.jpg?utm_source=commons.wikimedia.org&utm_campaign=imageinfo&utm_content=original,https://thumb.wikimedia.org/wikipedia/commons/thumb/f/ff/Villa_Mairea_Noormarkku.jpg/1280px-Villa_Mairea_Noormarkku.jpg,Mikkoau,Own work,CC BY-SA 4.0,https://creativecommons.org/licenses/by-sa/4.0,1280,960,2568da97de37de3151945619176e1fd2c0040f8b7a89e8b6105edab3c38da997,"Curated visual precedent; building type is an approximate reference grouping, not verified floor area.",,,,visually_reviewed,exterior,medium,unverified,reference_only,Web photograph; not AI-generated,"Wikimedia-provided resized preview; no crop, retouching or local recompression."
real_013,images/real/large-villa/contemporary/real_013.jpg,real_photograph,large-villa,contemporary,Maison Louis Carre,maison-louis-carre,Maison louis carré sud est.jpg,https://commons.wikimedia.org/wiki/File:Maison_louis_carr%C3%A9_sud_est.jpg,https://upload.wikimedia.org/wikipedia/commons/9/99/Maison_louis_carr%C3%A9_sud_est.jpg?utm_source=commons.wikimedia.org&utm_campaign=imageinfo&utm_content=original,https://thumb.wikimedia.org/wikipedia/commons/thumb/9/99/Maison_louis_carr%C3%A9_sud_est.jpg/1280px-Maison_louis_carr%C3%A9_sud_est.jpg,HerRobin,Own work,CC BY-SA 4.0,https://creativecommons.org/licenses/by-sa/4.0,1280,1053,7cfc0bdb9b62437c46fe5578b4cdb0fdcaf8b79cee70861ed9d47710d6a68a2d,"Curated visual precedent; building type is an approximate reference grouping, not verified floor area.",,,,visually_reviewed,exterior,medium,unverified,reference_only,Web photograph; not AI-generated,"Wikimedia-provided resized preview; no crop, retouching or local recompression."
real_015,images/real/villa-bungalow/contemporary/real_015.jpg,real_photograph,villa-bungalow,contemporary,Casa das Canoas,casa-das-canoas,Casa das Canoas - exterior.jpg,https://commons.wikimedia.org/wiki/File:Casa_das_Canoas_-_exterior.jpg,https://upload.wikimedia.org/wikipedia/commons/0/02/Casa_das_Canoas_-_exterior.jpg?utm_source=commons.wikimedia.org&utm_campaign=imageinfo&utm_content=original,https://upload.wikimedia.org/wikipedia/commons/0/02/Casa_das_Canoas_-_exterior.jpg,Instituto Estadual do Patrimônio Cultural - Governo do Rio de Janeiro,http://www.inepac.rj.gov.br/index.php/bens_tombados/detalhar/334,CC BY 2.5,https://creativecommons.org/licenses/by/2.5,448,336,9a682416776f4a211bbb38430135ea5e806182abe3e11e21932392dcf6cba51d,"Curated visual precedent; building type is an approximate reference grouping, not verified floor area.",,,,visually_reviewed,exterior,medium,unverified,reference_only,Web photograph; not AI-generated,"Wikimedia-provided resized preview; no crop, retouching or local recompression."
real_016,images/real/villa-bungalow/contemporary/real_016.jpg,real_photograph,villa-bungalow,contemporary,Casa das Canoas,casa-das-canoas,Vista da Casa das Canoas.jpg,https://commons.wikimedia.org/wiki/File:Vista_da_Casa_das_Canoas.jpg,https://upload.wikimedia.org/wikipedia/commons/a/ac/Vista_da_Casa_das_Canoas.jpg?utm_source=commons.wikimedia.org&utm_campaign=imageinfo&utm_content=original,https://upload.wikimedia.org/wikipedia/commons/a/ac/Vista_da_Casa_das_Canoas.jpg,Henrique Liberal,Own work,CC BY-SA 4.0,https://creativecommons.org/licenses/by-sa/4.0,641,661,9ed5c6498513fc55100cd581f4dfd82a2238c396550f57f07ac69de602eb4ee3,"Curated visual precedent; building type is an approximate reference grouping, not verified floor area.",,,,visually_reviewed,exterior,medium,unverified,reference_only,Web photograph; not AI-generated,"Wikimedia-provided resized preview; no crop, retouching or local recompression."
real_017,images/real/villa-bungalow/courtyard/real_017.jpg,real_photograph,villa-bungalow,courtyard,Can Lis,can-lis,Can Lis2.jpg,https://commons.wikimedia.org/wiki/File:Can_Lis2.jpg,https://upload.wikimedia.org/wikipedia/commons/c/c3/Can_Lis2.jpg?utm_source=commons.wikimedia.org&utm_campaign=imageinfo&utm_content=original,https://thumb.wikimedia.org/wikipedia/commons/thumb/c/c3/Can_Lis2.jpg/1280px-Can_Lis2.jpg,Frans Drewniak,https://www.flickr.com/photos/drzimage/475616219/,CC BY-SA 2.0,https://creativecommons.org/licenses/by-sa/2.0,1280,960,b9b252265112aa317d7a9a9208fa230777f3ba36223ee0625f5b3b43c90dcbaf,"Curated visual precedent; building type is an approximate reference grouping, not verified floor area.",,,,visually_reviewed,exterior,medium,unverified,reference_only,Web photograph; not AI-generated,"Wikimedia-provided resized preview; no crop, retouching or local recompression."
real_018,images/real/villa-bungalow/courtyard/real_018.jpg,real_photograph,villa-bungalow,courtyard,Can Lis,can-lis,Utzon Can Lis.jpg,https://commons.wikimedia.org/wiki/File:Utzon_Can_Lis.jpg,https://upload.wikimedia.org/wikipedia/commons/a/a8/Utzon_Can_Lis.jpg?utm_source=commons.wikimedia.org&utm_campaign=imageinfo&utm_content=original,https://thumb.wikimedia.org/wikipedia/commons/thumb/a/a8/Utzon_Can_Lis.jpg/1280px-Utzon_Can_Lis.jpg,drz image,https://www.flickr.com/photos/drzimage/475618855/,CC BY-SA 2.0,https://creativecommons.org/licenses/by-sa/2.0,1280,960,c5c773a624450eb73e9887fa26a6f731679ac1d4d00727e553637499e07dfdf0,"Curated visual precedent; building type is an approximate reference grouping, not verified floor area.",,,,visually_reviewed,exterior,medium,unverified,reference_only,Web photograph; not AI-generated,"Wikimedia-provided resized preview; no crop, retouching or local recompression."
real_019,images/real/villa-bungalow/modern-box/real_019.jpg,real_photograph,villa-bungalow,modern-box,Eames House,eames-house,Eames-House-Case-Study-House-No-8-Pacific-Palisades-California-04-2014b.jpg,https://commons.wikimedia.org/wiki/File:Eames-House-Case-Study-House-No-8-Pacific-Palisades-California-04-2014b.jpg,https://upload.wikimedia.org/wikipedia/commons/7/75/Eames-House-Case-Study-House-No-8-Pacific-Palisades-California-04-2014b.jpg?utm_source=commons.wikimedia.org&utm_campaign=imageinfo&utm_content=original,https://thumb.wikimedia.org/wikipedia/commons/thumb/7/75/Eames-House-Case-Study-House-No-8-Pacific-Palisades-California-04-2014b.jpg/1280px-Eames-House-Case-Study-House-No-8-Pacific-Palisades-California-04-2014b.jpg,Gunnar Klack,Own work,CC BY-SA 4.0,https://creativecommons.org/licenses/by-sa/4.0,1280,918,f836cc6dd07c00e12e1805ae04a0ab2568c9929f29a928571d278fad993bc1b0,"Curated visual precedent; building type is an approximate reference grouping, not verified floor area.",,,,visually_reviewed,exterior,medium,unverified,reference_only,Web photograph; not AI-generated,"Wikimedia-provided resized preview; no crop, retouching or local recompression."
real_020,images/real/villa-bungalow/modern-box/real_020.jpg,real_photograph,villa-bungalow,modern-box,Eames House,eames-house,Eames-House.jpg,https://commons.wikimedia.org/wiki/File:Eames-House.jpg,https://upload.wikimedia.org/wikipedia/commons/f/fc/Eames-House.jpg?utm_source=commons.wikimedia.org&utm_campaign=imageinfo&utm_content=original,https://upload.wikimedia.org/wikipedia/commons/f/fc/Eames-House.jpg,"Gunnar Klack

https://commons.wikimedia.org/wiki/User:Gunnar_Klack",File:Eames-House-Case-Study-House-No-8-Pacific-Palisades-California-04-2014a.jpg,CC BY-SA 4.0,https://creativecommons.org/licenses/by-sa/4.0,478,505,ef796d9e16d8c69847f08cac238e1f6b3d729f0270e66ecdda3af24e98e8cf3e,"Curated visual precedent; building type is an approximate reference grouping, not verified floor area.",,,,visually_reviewed,exterior,medium,unverified,reference_only,Web photograph; not AI-generated,"Wikimedia-provided resized preview; no crop, retouching or local recompression."
real_021,images/real/villa-bungalow/modern-box/real_021.jpg,real_photograph,villa-bungalow,modern-box,Eames House,eames-house,Eames House0.jpg,https://commons.wikimedia.org/wiki/File:Eames_House0.jpg,https://upload.wikimedia.org/wikipedia/commons/0/03/Eames_House0.jpg?utm_source=commons.wikimedia.org&utm_campaign=imageinfo&utm_content=original,https://upload.wikimedia.org/wikipedia/commons/0/03/Eames_House0.jpg,ercwttmn,https://www.flickr.com/photos/ricoslounge/32764430/,CC BY 2.0,https://creativecommons.org/licenses/by/2.0,800,589,0c16d6843eed01deba36983dabcc20640c1f63673f57ddeb470a51ae18e09aa0,"Curated visual precedent; building type is an approximate reference grouping, not verified floor area.",,,,visually_reviewed,exterior,medium,unverified,reference_only,Web photograph; not AI-generated,"Wikimedia-provided resized preview; no crop, retouching or local recompression."
real_022,images/real/villa-bungalow/modern-box/real_022.jpg,real_photograph,villa-bungalow,modern-box,Eames House,eames-house,Eames House by Ray and Charles Eames.jpg,https://commons.wikimedia.org/wiki/File:Eames_House_by_Ray_and_Charles_Eames.jpg,https://upload.wikimedia.org/wikipedia/commons/0/05/Eames_House_by_Ray_and_Charles_Eames.jpg?utm_source=commons.wikimedia.org&utm_campaign=imageinfo&utm_content=original,https://thumb.wikimedia.org/wikipedia/commons/thumb/0/05/Eames_House_by_Ray_and_Charles_Eames.jpg/1280px-Eames_House_by_Ray_and_Charles_Eames.jpg,edward stojakovic,https://www.flickr.com/photos/akasped/14201879951/in/photolist-nmLZTB-nCY8oT-nDfGey-nD3oa9-nDfJdU-nCYm8a-nD3v7f-8gfURh-52u4uQ-rSKUSH-r3Xn5b-dcUwvU-dFy1Nk-mgH6Ur-dcUtP2-edws6E-dcDpV7-nspR7U-eMtHkW-52u2WQ-8gfVjY-4rq8jr-4ruc7y-qow1cd-dcUvsn-eNCC1f-8kX73u-5ySqdA-bNiWCn-EKmwGQ-5yN8NK-6JxeXB-8HeBr2-7wU5wM-edwpx7-8HeEq6-edqP8a-kSuL5t-edqNCe-7UQiHZ-8yFhqY-Tscpzh-kXAsyM-8HeEdK-cQSQcL-8Xuggc-edD99j-edqLwa,CC BY 2.0,https://creativecommons.org/licenses/by/2.0,1280,960,f620a9d9a2c9c511e405e723944d45c0ac1f8ed14c9931bc5161e3d7e433c376,"Curated visual precedent; building type is an approximate reference grouping, not verified floor area.",,,,visually_reviewed,exterior,medium,unverified,reference_only,Web photograph; not AI-generated,"Wikimedia-provided resized preview; no crop, retouching or local recompression."
real_023,images/real/large-villa/modern-box/real_023.jpg,real_photograph,large-villa,modern-box,Villa Tugendhat,villa-tugendhat,Brno-vila-Tugendhat2009e.jpg,https://commons.wikimedia.org/wiki/File:Brno-vila-Tugendhat2009e.jpg,https://upload.wikimedia.org/wikipedia/commons/7/77/Brno-vila-Tugendhat2009e.jpg?utm_source=commons.wikimedia.org&utm_campaign=imageinfo&utm_content=original,https://thumb.wikimedia.org/wikipedia/commons/thumb/7/77/Brno-vila-Tugendhat2009e.jpg/1280px-Brno-vila-Tugendhat2009e.jpg,"Ben Skála, Benfoto",Own work,CC BY-SA 3.0,https://creativecommons.org/licenses/by-sa/3.0,1280,850,a73124cf93aa1e66d86ef2cb0a7dc5a55d8e85108326bbe72729c5d90ca8139f,"Curated visual precedent; building type is an approximate reference grouping, not verified floor area.",,,,visually_reviewed,exterior,medium,unverified,reference_only,Web photograph; not AI-generated,"Wikimedia-provided resized preview; no crop, retouching or local recompression."
real_024,images/real/large-villa/modern-box/real_024.jpg,real_photograph,large-villa,modern-box,Villa Tugendhat,villa-tugendhat,Vila Tugendhat exterior Dvorak3.JPG,https://commons.wikimedia.org/wiki/File:Vila_Tugendhat_exterior_Dvorak3.JPG,https://upload.wikimedia.org/wikipedia/commons/f/f6/Vila_Tugendhat_exterior_Dvorak3.JPG?utm_source=commons.wikimedia.org&utm_campaign=imageinfo&utm_content=original,https://thumb.wikimedia.org/wikipedia/commons/thumb/f/f6/Vila_Tugendhat_exterior_Dvorak3.JPG/1280px-Vila_Tugendhat_exterior_Dvorak3.JPG,Petr1987,Own work,CC BY-SA 4.0,https://creativecommons.org/licenses/by-sa/4.0,1280,851,2ec34ea7e5148796459a07c4d3969de48aaea07d1b4ad5bed0bbbe23724b667e,"Curated visual precedent; building type is an approximate reference grouping, not verified floor area.",,,,visually_reviewed,exterior,medium,unverified,reference_only,Web photograph; not AI-generated,"Wikimedia-provided resized preview; no crop, retouching or local recompression."
real_025,images/real/large-villa/modern-box/real_025.jpg,real_photograph,large-villa,modern-box,Villa Tugendhat,villa-tugendhat,"Villa Tugendhat, Brno.jpg","https://commons.wikimedia.org/wiki/File:Villa_Tugendhat,_Brno.jpg",https://upload.wikimedia.org/wikipedia/commons/4/45/Villa_Tugendhat%2C_Brno.jpg?utm_source=commons.wikimedia.org&utm_campaign=imageinfo&utm_content=original,https://thumb.wikimedia.org/wikipedia/commons/thumb/4/45/Villa_Tugendhat%2C_Brno.jpg/1280px-Villa_Tugendhat%2C_Brno.jpg,Thomas Ledl,Own work,CC BY 4.0,https://creativecommons.org/licenses/by/4.0,1280,853,aeb03b9d3198ea835bb5a66edabbb8adda74f2f31f56bd1466e81c8b66151f65,"Curated visual precedent; building type is an approximate reference grouping, not verified floor area.",,,,visually_reviewed,exterior,medium,unverified,reference_only,Web photograph; not AI-generated,"Wikimedia-provided resized preview; no crop, retouching or local recompression."
real_026,images/real/villa-bungalow/courtyard/real_026.jpg,real_photograph,villa-bungalow,courtyard,Courtyard House,courtyard-house,Courtyard House.jpg,https://commons.wikimedia.org/wiki/File:Courtyard_House.jpg,https://upload.wikimedia.org/wikipedia/commons/a/ae/Courtyard_House.jpg?utm_source=commons.wikimedia.org&utm_campaign=imageinfo&utm_content=original,https://thumb.wikimedia.org/wikipedia/commons/thumb/a/ae/Courtyard_House.jpg/1280px-Courtyard_House.jpg,Ong-ard architects,Own work,CC BY-SA 3.0,https://creativecommons.org/licenses/by-sa/3.0,1280,1553,e9d090b6c3772f010bdddb6fc2c6aad621585483f17193ed129b5b0b92cf8057,"Curated visual precedent; building type is an approximate reference grouping, not verified floor area.",,,,visually_reviewed,exterior,medium,unverified,reference_only,Web photograph; not AI-generated,"Wikimedia-provided resized preview; no crop, retouching or local recompression."
